{
  "operator": "OR",
  "minimum_should_match": 70,
  "tie_breaker": 0.25,
  "url|boost": 0.9307619085413446,
  "title|boost": 10.0,
  "body|boost": 6.243537874019911
}
